{"[0]": 0.38752968065376203, "[1]": 0.7303436836494895, "[2]": 0.7100974649534555, "[3]": 0.6000056719963048, "[4]": 0.7308129420930272, "[5]": 0.5666728360461107, "[6]": 0.665451106223727, "[7]": 0.6223514440352849, "[8]": 0.42746667973434865, "[9]": 0.3936535884784277, "[10]": 0.6891970785534222, "[11]": 0.5064994823074427, "[12]": 0.5680606879556699, "[13]": 0.5359576836935946, "[0 1]": 0.3551554713901118, "[0 2]": 0.34193205751394845, "[0 3]": 0.3889695103374272, "[0 4]": 0.38020875429798645, "[0 5]": 0.378441919621214, "[0 6]": 0.39777365475382703, "[0 7]": 0.38742912274199365, "[0 8]": 0.3874461514342147, "[0 9]": 0.3874578245148416, "[ 0 10]": 0.38893776340888325, "[ 0 11]": 0.3875297285377679, "[ 0 12]": 0.37751965848629215, "[ 0 13]": 0.38569103108360037, "[1 2]": 0.6443434476625943, "[1 3]": 0.6984362542088692, "[1 4]": 0.6971348198050662, "[1 5]": 0.6005566799105877, "[1 6]": 0.659908354076596, "[1 7]": 0.7262781718265954, "[1 8]": 0.727683390845089, "[1 9]": 0.7288459244058199, "[ 1 10]": 0.7239051833008987, "[ 1 11]": 0.7303426649744322, "[ 1 12]": 0.6913480274144544, "[ 1 13]": 0.7163362623142429, "[2 3]": 0.6899883105214941, "[2 4]": 0.7031945424574775, "[2 5]": 0.6049266855529618, "[2 6]": 0.6865334878035912, "[2 7]": 0.7079638761225603, "[2 8]": 0.7067903281390515, "[2 9]": 0.7082542544833118, "[ 2 10]": 0.7063378723213054, "[ 2 11]": 0.7100966472567176, "[ 2 12]": 0.6793899829679446, "[ 2 13]": 0.6962013862479837, "[3 4]": 0.6697430166528696, "[3 5]": 0.5462338993228145, "[3 6]": 0.6374061968876729, "[3 7]": 0.6002412811544936, "[3 8]": 0.5885444112501407, "[3 9]": 0.5935541057861591, "[ 3 10]": 0.6223785532005995, "[ 3 11]": 0.6000028753447386, "[ 3 12]": 0.5644185782289429, "[ 3 13]": 0.5773606632971319, "[4 5]": 0.5835636298671427, "[4 6]": 0.6801892502241484, "[4 7]": 0.7225423764973467, "[4 8]": 0.7194015605148513, "[4 9]": 0.7246317774525126, "[ 4 10]": 0.7100183148902862, "[ 4 11]": 0.7308103296795633, "[ 4 12]": 0.6576044929886804, "[ 4 13]": 0.6921365804271667, "[5 6]": 0.5652898192569976, "[5 7]": 0.5664562890416421, "[5 8]": 0.5636099924723731, "[5 9]": 0.5652070883848456, "[ 5 10]": 0.5545573036347012, "[ 5 11]": 0.5666722705584324, "[ 5 12]": 0.5476719756931475, "[ 5 13]": 0.5535261555914375, "[6 7]": 0.6602104937589653, "[6 8]": 0.6560541511683475, "[6 9]": 0.6600144248727823, "[ 6 10]": 0.6673376531046162, "[ 6 11]": 0.6654490866169964, "[ 6 12]": 0.6152398274792341, "[ 6 13]": 0.6354098218900331, "[7 8]": 0.5525574279433769, "[7 9]": 0.5736317933453212, "[ 7 10]": 0.6693283337010749, "[ 7 11]": 0.6223315956950052, "[ 7 12]": 0.5702611485372382, "[ 7 13]": 0.5520119716847739, "[8 9]": 0.4057224142608428, "[ 8 10]": 0.6537985785648375, "[ 8 11]": 0.4274915525410716, "[ 8 12]": 0.5606579478521644, "[ 8 13]": 0.5218215686859982, "[ 9 10]": 0.6674228137742336, "[ 9 11]": 0.3937260464498751, "[ 9 12]": 0.564000901055236, "[ 9 13]": 0.526567315468283, "[10 11]": 0.6891878926041514, "[10 12]": 0.5931684645632236, "[10 13]": 0.6039576211318529, "[11 12]": 0.5680597318150045, "[11 13]": 0.5359562587966221, "[12 13]": 0.5518326209036024}