{"[0]": 0.21283137663287363, "[1]": 0.7156542377461579, "[2]": 0.6684864194091066, "[3]": 0.7246964323502275, "[4]": 0.6636799489028837, "[5]": 0.4720879228317279, "[6]": 0.7167500880790075, "[7]": 0.5270295095882334, "[8]": 0.4182772668136042, "[9]": 0.38590886124694024, "[10]": 0.5481679697363384, "[11]": 0.5517878237182281, "[12]": 0.7545059723558482, "[13]": 0.5608842449423465, "[0 1]": 0.2354558439132514, "[0 2]": 0.18193850382855284, "[0 3]": 0.21379020034393095, "[0 4]": 0.20615974958418132, "[0 5]": 0.22838161036256296, "[0 6]": 0.20922599891552135, "[0 7]": 0.2135552396472681, "[0 8]": 0.21302669976226332, "[0 9]": 0.21354270892598334, "[ 0 10]": 0.212935772254787, "[ 0 11]": 0.21283154885060546, "[ 0 12]": 0.21293242857531988, "[ 0 13]": 0.2140193206775178, "[1 2]": 0.6299744308238147, "[1 3]": 0.7096308874340461, "[1 4]": 0.6672676764733695, "[1 5]": 0.43021924448461757, "[1 6]": 0.7072270640601067, "[1 7]": 0.6856020145912521, "[1 8]": 0.7108047222657957, "[1 9]": 0.689906328267774, "[ 1 10]": 0.7142647938025221, "[ 1 11]": 0.715651875930358, "[ 1 12]": 0.7081175039571758, "[ 1 13]": 0.6470367410835169, "[2 3]": 0.6640966652022595, "[2 4]": 0.6560444948027393, "[2 5]": 0.5178298306886429, "[2 6]": 0.6728189760184129, "[2 7]": 0.6560332619421904, "[2 8]": 0.6652883147313868, "[2 9]": 0.6507060628392977, "[ 2 10]": 0.667870859433492, "[ 2 11]": 0.6684855233085222, "[ 2 12]": 0.6716989383314481, "[ 2 13]": 0.6372403775693181, "[3 4]": 0.6621623178421614, "[3 5]": 0.47601044389390734, "[3 6]": 0.7175916331148985, "[3 7]": 0.5816690841273044, "[3 8]": 0.6485708220491453, "[3 9]": 0.5122812635594075, "[ 3 10]": 0.7046854979452399, "[ 3 11]": 0.7246636653800331, "[ 3 12]": 0.7388811270713869, "[ 3 13]": 0.5795848040584317, "[4 5]": 0.48660790671972803, "[4 6]": 0.6697239173510865, "[4 7]": 0.6360817484293579, "[4 8]": 0.6553862021401975, "[4 9]": 0.6212709705243776, "[ 4 10]": 0.661596501480831, "[ 4 11]": 0.6636775800871998, "[ 4 12]": 0.6728161985306644, "[ 4 13]": 0.6133044182040793, "[5 6]": 0.4831736612856962, "[5 7]": 0.4717351875547961, "[5 8]": 0.4700109231767228, "[5 9]": 0.4614631054665985, "[ 5 10]": 0.47190595096343707, "[ 5 11]": 0.47208739441244707, "[ 5 12]": 0.47387640610926607, "[ 5 13]": 0.4613398502120778, "[6 7]": 0.609839757071948, "[6 8]": 0.6872526217082308, "[6 9]": 0.5987581665715808, "[ 6 10]": 0.7093632261943821, "[ 6 11]": 0.7167401486883896, "[ 6 12]": 0.7256476780865363, "[ 6 13]": 0.6038838673741987, "[7 8]": 0.5124181665299822, "[7 9]": 0.4601833261668623, "[ 7 10]": 0.5272832177042822, "[ 7 11]": 0.5270310089639961, "[ 7 12]": 0.6069970745027562, "[ 7 13]": 0.5478581166050104, "[8 9]": 0.3848160661440039, "[ 8 10]": 0.45232965256632884, "[ 8 11]": 0.4183460295823072, "[ 8 12]": 0.6821212909252027, "[ 8 13]": 0.5539226458664221, "[ 9 10]": 0.39558947334464883, "[ 9 11]": 0.38592489671233715, "[ 9 12]": 0.5427210187532532, "[ 9 13]": 0.5242994313870548, "[10 11]": 0.5481731150921574, "[10 12]": 0.736633177544419, "[10 13]": 0.5604076517448202, "[11 12]": 0.7544774483705735, "[11 13]": 0.5608836173813484, "[12 13]": 0.5857466508307588}