{"[0]": 0.2468145252727361, "[1]": 0.65535050098944, "[2]": 0.6352204442367161, "[3]": 0.5984065415938944, "[4]": 0.7829290924047078, "[5]": 0.5566535616067988, "[6]": 0.7698492553313426, "[7]": 0.5866572721796715, "[8]": 0.6842123958105084, "[9]": 0.47382146672506165, "[10]": 0.709328830044025, "[11]": 0.6075371382543499, "[12]": 0.7861798523221922, "[13]": 0.6424907273666441, "[0 1]": 0.26443488676956073, "[0 2]": 0.257553597513521, "[0 3]": 0.25566711400464454, "[0 4]": 0.25768189698135924, "[0 5]": 0.2628925642595947, "[0 6]": 0.26716964111182473, "[0 7]": 0.25009270999153055, "[0 8]": 0.2468246701024192, "[0 9]": 0.24709605980230345, "[ 0 10]": 0.24691986545818106, "[ 0 11]": 0.24681483236074192, "[ 0 12]": 0.24692845128297766, "[ 0 13]": 0.2560565623926352, "[1 2]": 0.6235072479964184, "[1 3]": 0.6207320958954233, "[1 4]": 0.5991922475224455, "[1 5]": 0.5709521499694319, "[1 6]": 0.5974744043894072, "[1 7]": 0.641041947251897, "[1 8]": 0.6553467933620133, "[1 9]": 0.6536674785535929, "[ 1 10]": 0.655297121328364, "[ 1 11]": 0.6553489652445262, "[ 1 12]": 0.6551785236758416, "[ 1 13]": 0.6362657199586068, "[2 3]": 0.5917449785964816, "[2 4]": 0.7433070494868704, "[2 5]": 0.5350595547815822, "[2 6]": 0.7184997609691768, "[2 7]": 0.6114268189591646, "[2 8]": 0.6352610599559507, "[2 9]": 0.6261613689432827, "[ 2 10]": 0.6356263907584355, "[ 2 11]": 0.6352196245477446, "[ 2 12]": 0.6453168694011973, "[ 2 13]": 0.6279925369124668, "[3 4]": 0.7253436742118905, "[3 5]": 0.5457281824392528, "[3 6]": 0.6977865397085468, "[3 7]": 0.585927198400945, "[3 8]": 0.5984939521327843, "[3 9]": 0.5918722549360538, "[ 3 10]": 0.5991387009089825, "[ 3 11]": 0.5984066968281602, "[ 3 12]": 0.6098422369994715, "[ 3 13]": 0.6172099625848587, "[4 5]": 0.6128706010383506, "[4 6]": 0.7554177828933175, "[4 7]": 0.7377321719764836, "[4 8]": 0.7828561955245653, "[4 9]": 0.7773470946691295, "[ 4 10]": 0.7823681221053479, "[ 4 11]": 0.7829274736744578, "[ 4 12]": 0.7807356052005731, "[ 4 13]": 0.7015198388313482, "[5 6]": 0.5886589452334947, "[5 7]": 0.5574932071002474, "[5 8]": 0.5566441547097165, "[5 9]": 0.5542067681922226, "[ 5 10]": 0.5567020092931266, "[ 5 11]": 0.556653191642697, "[ 5 12]": 0.5601594545841773, "[ 5 13]": 0.5376495086532013, "[6 7]": 0.6820749055037408, "[6 8]": 0.7697509615701684, "[6 9]": 0.761318695057184, "[ 6 10]": 0.7694069995930013, "[ 6 11]": 0.7698464189976277, "[ 6 12]": 0.7688088630411681, "[ 6 13]": 0.6903198110371024, "[7 8]": 0.5868236300973415, "[7 9]": 0.5774738736946282, "[ 7 10]": 0.5875173338374575, "[ 7 11]": 0.5866575662059924, "[ 7 12]": 0.6028553453175315, "[ 7 13]": 0.5934012343803227, "[8 9]": 0.47794111974623676, "[ 8 10]": 0.7041690336897792, "[ 8 11]": 0.6828349457831392, "[ 8 12]": 0.7833674173152574, "[ 8 13]": 0.6425063299545745, "[ 9 10]": 0.5013584631444312, "[ 9 11]": 0.47388999581888475, "[ 9 12]": 0.6564294934523066, "[ 9 13]": 0.6356356429785028, "[10 11]": 0.7089286498586014, "[10 12]": 0.7790028924182929, "[10 13]": 0.6424746357446101, "[11 12]": 0.7861135253899079, "[11 13]": 0.6424897943792547, "[12 13]": 0.6448685284969689}